esbid,pid,opp,tm,pos,jnum,active,started,pa,pc,py,ints,tdp,ra,ry,tdr,fuml,trg,rec,recy,tdrec,twoptc,prtd,krtd,snp,fgm,fgy,fg19,fg29,fg39,fg49,fg50,xpm,dsk,dint,dff,drf,dtno,dfds,dpa,dya,dblk,dsf,dtpr,dtd,year
2001010600,AARO-BROO-1999-1976-03-24,MIN,NO,QB,null,1,null,48,30,295,2,2,5,29,0,0,0,0,0,0,0,0,0,0,0,0,0,0,0,0,0,0,0,0,0,0,0,0,0,0,0,0,0,0
2001010600,ALEX-MOLD-1996-1973-08-04,MIN,NO,DB,null,1,null,0,0,0,0,0,0,0,0,0,0,0,0,0,0,0,0,0,0,0,0,0,0,0,0,0,0,0,0,0,0,0,0,0,0,0,0,0
2001010600,CHAD-MORT-2000-1977-04-04,MIN,NO,RB,null,1,null,0,0,0,0,0,5,25,0,0,14,13,106,0,0,0,0,0,0,0,0,0,0,0,0,0,0,0,0,0,0,0,0,0,0,0,0,0
2001010600,CHRI-HOVA-2000-1978-05-12,NO,MIN,DL,null,1,null,0,0,0,0,0,0,0,0,0,0,0,0,0,0,0,0,0,0,0,0,0,0,0,0,0,0,0,0,0,0,0,0,0,0,0,0,0
2001010600,CHRI-WALS-1992-1968-12-12,NO,MIN,WR,null,1,null,0,0,0,0,0,0,0,0,0,0,0,0,0,0,0,0,0,0,0,0,0,0,0,0,0,0,0,0,0,0,0,0,0,0,0,0,0
2001010600,CRIS-CART-1987-1965-11-25,NO,MIN,WR,null,1,null,0,0,0,0,0,0,0,0,0,13,8,120,1,0,0,0,0,0,0,0,0,0,0,0,0,0,0,0,0,0,0,0,0,0,0,0,0
2001010600,DARR-HOWA-2000-1976-11-19,MIN,NO,DL,null,1,null,0,0,0,0,0,0,0,0,0,0,0,0,0,0,0,0,0,0,0,0,0,0,0,0,0,0,0,0,0,0,0,0,0,0,0,0,0
2001010600,DARR-SMIT-1993-1970-04-15,MIN,NO,LB,null,1,null,0,0,0,0,0,0,0,0,0,0,0,0,0,0,0,0,0,0,0,0,0,0,0,0,0,0,0,0,0,0,0,0,0,0,0,0,0
2001010600,DAUN-CULP-1999-1977-01-28,NO,MIN,QB,null,1,null,31,17,302,0,3,4,51,0,0,0,0,0,0,0,0,0,0,0,0,0,0,0,0,0,0,0,0,0,0,0,0,0,0,0,0,0,0
2001010600,DOUG-BRIE-1994-1970-11-24,MIN,NO,K,null,1,null,0,0,0,0,0,0,0,0,0,0,0,0,0,0,0,0,0,1,33,0,0,1,0,0,1,0,0,0,0,0,0,0,0,0,0,0,0
2001010600,DWAY-RUDD-1997-1976-02-03,NO,MIN,LB,null,1,null,0,0,0,0,0,0,0,0,0,0,0,0,0,0,0,0,0,0,0,0,0,0,0,0,0,0,0,0,0,0,0,0,0,0,0,0,0
2001010600,FERN-SMIT-1994-1971-08-02,NO,MIN,DL,null,1,null,0,0,0,0,0,0,0,0,0,0,0,0,0,0,0,0,0,0,0,0,0,0,0,0,0,0,0,0,0,0,0,0,0,0,0,0,0
2001010600,FRED-MCAF-1991-1968-06-20,MIN,NO,RB,null,1,null,0,0,0,0,0,0,0,0,0,0,0,0,0,0,0,0,0,0,0,0,0,0,0,0,0,0,0,0,0,0,0,0,0,0,0,0,0
2001010600,FRED-THOM-1996-1973-09-11,MIN,NO,DB,null,1,null,0,0,0,0,0,0,0,0,0,0,0,0,0,0,0,0,0,0,0,0,0,0,0,0,0,0,0,0,0,0,0,0,0,0,0,0,0
2001010600,GARY-ANDE-1982-1959-07-16,NO,MIN,K,null,1,null,0,0,0,0,0,0,0,0,0,0,0,0,0,0,0,0,0,2,74,0,1,0,1,0,4,0,0,0,0,0,0,0,0,0,0,0,0
2001010600,HARO-MORR-1996-1973-02-24,NO,MIN,RB,null,1,null,0,0,0,0,0,3,2,0,0,0,0,0,0,0,0,0,0,0,0,0,0,0,0,0,0,0,0,0,0,0,0,0,0,0,0,0,0
2001010600,JAKE-REED-1991-1967-09-28,MIN,NO,WR,null,1,null,0,0,0,0,0,0,0,0,0,8,2,29,0,0,0,0,0,0,0,0,0,0,0,0,0,0,0,0,0,0,0,0,0,0,0,0,0
2001010600,JIMM-KLEI-1999-1977-01-31,NO,MIN,TE,null,1,null,0,0,0,0,0,0,0,0,0,2,2,18,0,0,0,0,0,0,0,0,0,0,0,0,0,0,0,0,0,0,0,0,0,0,0,0,0
2001010600,JIMX-NELS-1998-1975-04-16,NO,MIN,LB,null,1,null,0,0,0,0,0,0,0,0,0,0,0,0,0,0,0,0,0,0,0,0,0,0,0,0,0,0,0,0,0,0,0,0,0,0,0,0,0
2001010600,JOEX-JOHN-1994-1972-07-11,MIN,NO,DL,null,1,null,0,0,0,0,0,0,0,0,0,0,0,0,0,0,0,0,0,0,0,0,0,0,0,0,0,0,0,0,0,0,0,0,0,0,0,0,0
2001010600,JOHN-BURR-1995-1972-05-17,NO,MIN,DL,null,1,null,0,0,0,0,0,0,0,0,0,0,0,0,0,0,0,0,0,0,0,0,0,0,0,0,0,0,0,0,0,0,0,0,0,0,0,0,0
2001010600,JOHN-RAND-1990-1967-12-12,NO,MIN,DL,null,1,null,0,0,0,0,0,0,0,0,0,0,0,0,0,0,0,0,0,0,0,0,0,0,0,0,0,0,0,0,0,0,0,0,0,0,0,0,0
2001010600,KAIL-WONG-1998-1976-05-23,NO,MIN,LB,null,1,null,0,0,0,0,0,0,0,0,0,0,0,0,0,0,0,0,0,0,0,0,0,0,0,0,0,0,0,0,0,0,0,0,0,0,0,0,0
2001010600,KEIT-MITC-1997-1974-07-24,MIN,NO,LB,null,1,null,0,0,0,0,0,0,0,0,0,0,0,0,0,0,0,0,0,0,0,0,0,0,0,0,0,0,0,0,0,0,0,0,0,0,0,0,0
2001010600,KENN-WRIG-1999-1977-09-14,NO,MIN,DB,null,1,null,0,0,0,0,0,0,0,0,0,0,0,0,0,0,0,0,0,0,0,0,0,0,0,0,0,0,0,0,0,0,0,0,0,0,0,0,0
2001010600,KEVI-MATH-1997-1974-04-29,MIN,NO,DB,null,1,null,0,0,0,0,0,0,0,0,0,0,0,0,0,0,0,0,0,0,0,0,0,0,0,0,0,0,0,0,0,0,0,0,0,0,0,0,0
2001010600,LARO-GLOV-1996-1974-07-04,MIN,NO,DL,null,1,null,0,0,0,0,0,0,0,0,0,0,0,0,0,0,0,0,0,0,0,0,0,0,0,0,0,0,0,0,0,0,0,0,0,0,0,0,0
2001010600,LEMA-HALL-1994-1970-11-24,NO,MIN,OLB,null,1,null,0,0,0,0,0,0,0,0,0,0,0,0,0,0,0,0,0,0,0,0,0,0,0,0,0,0,0,0,0,0,0,0,0,0,0,0,0
2001010600,MARK-FIEL-1995-1972-11-09,MIN,NO,LB,null,1,null,0,0,0,0,0,0,0,0,0,0,0,0,0,0,0,0,0,0,0,0,0,0,0,0,0,0,0,0,0,0,0,0,0,0,0,0,0
2001010600,MART-CHAS-1998-1974-12-19,MIN,NO,DL,null,1,null,0,0,0,0,0,0,0,0,0,0,0,0,0,0,0,0,0,0,0,0,0,0,0,0,0,0,0,0,0,0,0,0,0,0,0,0,0
2001010600,MATT-HATC-1997-1974-05-01,NO,MIN,WR,null,1,null,0,0,0,0,0,0,0,0,0,2,0,0,0,0,0,0,0,0,0,0,0,0,0,0,0,0,0,0,0,0,0,0,0,0,0,0,0
2001010600,MICH-HAWT-2000-1977-01-26,MIN,NO,DB,null,1,null,0,0,0,0,0,0,0,0,0,0,0,0,0,0,0,0,0,0,0,0,0,0,0,0,0,0,0,0,0,0,0,0,0,0,0,0,0
2001010600,MIN,NO,MIN,DST,0,1,1,0,0,0,0,0,0,0,0,0,0,0,0,0,0,0,0,0,0,0,0,0,0,0,0,0,2,2,0,0,1,1,16,355,0,0,0,0
2001010600,MITC-BERG-1994-1972-06-24,NO,MIN,K,null,1,null,0,0,0,0,0,0,0,0,0,0,0,0,0,0,0,0,0,0,0,0,0,0,0,0,0,0,0,0,0,0,0,0,0,0,0,0,0
2001010600,MOEX-WILL-1996-1974-07-26,NO,MIN,RB,null,1,null,0,0,0,0,0,0,0,0,0,0,0,0,0,0,0,0,0,0,0,0,0,0,0,0,0,0,0,0,0,0,0,0,0,0,0,0,0
2001010600,NO,MIN,NO,DST,0,1,1,0,0,0,0,0,0,0,0,0,0,0,0,0,0,0,0,0,0,0,0,0,0,0,0,0,0,0,1,0,2,0,34,429,0,0,0,0
2001010600,NORM-HAND-1995-1972-09-04,MIN,NO,DL,null,1,null,0,0,0,0,0,0,0,0,0,0,0,0,0,0,0,0,0,0,0,0,0,0,0,0,0,0,0,0,0,0,0,0,0,0,0,0,0
2001010600,RAND-MOSS-1998-1977-02-13,NO,MIN,WR,null,1,null,0,0,0,0,0,0,0,0,0,7,2,121,2,0,0,0,0,0,0,0,0,0,0,0,0,0,0,0,0,0,0,0,0,0,0,0,0
2001010600,RICK-WILL-1999-1977-05-21,MIN,NO,RB,null,1,null,0,0,0,0,0,6,14,0,0,2,1,2,0,0,0,0,0,0,0,0,0,0,0,0,0,0,0,0,0,0,0,0,0,0,0,0,0
2001010600,ROBE-GRIF-1994-1970-11-30,NO,MIN,DB,null,1,null,0,0,0,0,0,0,0,0,0,0,0,0,0,0,0,0,0,0,0,0,0,0,0,0,0,0,0,0,0,0,0,0,0,0,0,0,0
2001010600,ROBE-TATE-1997-1973-10-19,NO,MIN,DB,null,1,null,0,0,0,0,0,0,0,0,0,0,0,0,0,0,0,0,0,0,0,0,0,0,0,0,0,0,0,0,0,0,0,0,0,0,0,0,0
2001010600,ROBE-WILS-1998-1974-06-23,MIN,NO,WR,null,1,null,0,0,0,0,0,0,0,0,0,3,1,14,0,0,0,0,0,0,0,0,0,0,0,0,0,0,0,0,0,0,0,0,0,0,0,0,0
2001010600,SAMM-KNIG-1997-1975-09-10,MIN,NO,DB,null,1,null,0,0,0,0,0,0,0,0,0,0,0,0,0,0,0,0,0,0,0,0,0,0,0,0,0,0,0,0,0,0,0,0,0,0,0,0,0
2001010600,TALA-SAWY-1999-1976-06-14,NO,MIN,DL,null,1,null,0,0,0,0,0,0,0,0,0,0,0,0,0,0,0,0,0,0,0,0,0,0,0,0,0,0,0,0,0,0,0,0,0,0,0,0,0
2001010600,TONY-WILL-1997-1975-07-09,NO,MIN,DL,null,1,null,0,0,0,0,0,0,0,0,0,0,0,0,0,0,0,0,0,0,0,0,0,0,0,0,0,0,0,0,0,0,0,0,0,0,0,0,0
2001010600,TROY-WALT-2000-1976-12-15,NO,MIN,WR,null,1,null,0,0,0,0,0,0,0,0,0,1,1,7,0,0,0,0,0,0,0,0,0,0,0,0,0,0,0,0,0,0,0,0,0,0,0,0,0
2001010600,TYRO-CART-2000-1976-03-31,NO,MIN,DB,null,1,null,0,0,0,0,0,0,0,0,0,0,0,0,0,0,0,0,0,0,0,0,0,0,0,0,0,0,0,0,0,0,0,0,0,0,0,0,0
2001010600,WILL-JACK-1994-1971-08-16,MIN,NO,WR,null,1,null,0,0,0,0,0,0,0,0,0,14,9,125,1,0,0,0,0,0,0,0,0,0,0,0,0,0,0,0,0,0,0,0,0,0,0,0,0
2001010600,WILL-WHIT-1999-1973-01-26,MIN,NO,DL,null,1,null,0,0,0,0,0,0,0,0,0,0,0,0,0,0,0,0,0,0,0,0,0,0,0,0,0,0,0,0,0,0,0,0,0,0,0,0,0
2001010600,WILL-WILL-1990-1967-08-06,MIN,NO,T,null,1,null,0,0,0,0,0,0,0,0,0,0,0,0,0,0,0,0,0,0,0,0,0,0,0,0,0,0,0,0,0,0,0,0,0,0,0,0,0
2001010601,ANTH-DORS-1996-1973-09-14,MIA,LV,SS,null,1,null,0,0,0,0,0,0,0,0,0,0,0,0,0,0,0,0,0,0,0,0,0,0,0,0,0,0,0,0,0,0,0,0,0,0,0,0,0
2001010601,AUTR-DENS-1999-1976-12-08,LV,MIA,RB,null,1,null,0,0,0,0,0,3,12,0,0,9,6,42,0,0,0,0,0,0,0,0,0,0,0,0,0,0,0,0,0,0,0,0,0,0,0,0,0
2001010601,BOBB-BROO-1999-1976-03-03,MIA,LV,LB,null,1,null,0,0,0,0,0,0,0,0,0,0,0,0,0,0,0,0,0,0,0,0,0,0,0,0,0,0,0,0,0,0,0,0,0,0,0,0,0
2001010601,BRIA-WALK-1996-1972-05-31,LV,MIA,DB,null,1,null,0,0,0,0,0,0,0,0,0,0,0,0,0,0,0,0,0,0,0,0,0,0,0,0,0,0,0,0,0,0,0,0,0,0,0,0,0
2001010601,DARR-GORD-1993-1970-11-14,MIA,LV,DB,null,1,null,0,0,0,0,0,0,0,0,0,0,0,0,0,0,0,0,0,0,0,0,0,0,0,0,0,0,0,0,0,0,0,0,0,0,0,0,0
2001010601,DARR-RUSS-1997-1976-05-27,MIA,LV,DL,null,1,null,0,0,0,0,0,0,0,0,0,0,0,0,0,0,0,0,0,0,0,0,0,0,0,0,0,0,0,0,0,0,0,0,0,0,0,0,0
2001010601,DARY-GARD-1996-1973-02-25,LV,MIA,DL,null,1,null,0,0,0,0,0,0,0,0,0,0,0,0,0,0,0,0,0,0,0,0,0,0,0,0,0,0,0,0,0,0,0,0,0,0,0,0,0
2001010601,ERIC-JOHN-2000-1976-04-30,MIA,LV,DB,null,1,null,0,0,0,0,0,0,0,0,0,0,0,0,0,0,0,0,0,0,0,0,0,0,0,0,0,0,0,0,0,0,0,0,0,0,0,0,0
2001010601,GRAD-JACK-1997-1973-01-21,MIA,LV,DL,null,1,null,0,0,0,0,0,0,0,0,0,0,0,0,0,0,0,0,0,0,0,0,0,0,0,0,0,0,0,0,0,0,0,0,0,0,0,0,0
2001010601,GREG-BIEK-1993-1969-03-14,MIA,LV,LB,null,1,null,0,0,0,0,0,0,0,0,0,0,0,0,0,0,0,0,0,0,0,0,0,0,0,0,0,0,0,0,0,0,0,0,0,0,0,0,0
2001010601,JAME-JETT-1993-1970-12-28,MIA,LV,WR,null,1,null,0,0,0,0,0,1,-4,0,0,2,2,13,1,0,0,0,0,0,0,0,0,0,0,0,0,0,0,0,0,0,0,0,0,0,0,0,0
2001010601,JAYX-FIED-1995-1971-12-29,LV,MIA,QB,null,1,null,37,18,176,3,0,3,12,0,0,0,0,0,0,0,0,0,0,0,0,0,0,0,0,0,0,0,0,0,0,0,0,0,0,0,0,0,0
2001010601,JEFF-OGDE-1998-1975-02-22,LV,MIA,WR,null,1,null,0,0,0,0,0,0,0,0,0,0,0,0,0,0,0,0,0,0,0,0,0,0,0,0,0,0,0,0,0,0,0,0,0,0,0,0,0
2001010601,JERM-HALE-1999-1973-02-13,LV,MIA,DL,null,1,null,0,0,0,0,0,0,0,0,0,0,0,0,0,0,0,0,0,0,0,0,0,0,0,0,0,0,0,0,0,0,0,0,0,0,0,0,0
2001010601,JERR-WILS-1995-1973-07-17,LV,MIA,FS,null,1,null,0,0,0,0,0,0,0,0,0,0,0,0,0,0,0,0,0,0,0,0,0,0,0,0,0,0,0,0,0,0,0,0,0,0,0,0,0
2001010601,JOHN-HARR-1999-1972-08-21,MIA,LV,DB,null,1,null,0,0,0,0,0,0,0,0,0,0,0,0,0,0,0,0,0,0,0,0,0,0,0,0,0,0,0,0,0,0,0,0,0,0,0,0,0
2001010601,JOSH-TAVE-1995-1972-05-13,MIA,LV,DL,null,1,null,0,0,0,0,0,0,0,0,0,0,0,0,0,0,0,0,0,0,0,0,0,0,0,0,0,0,0,0,0,0,0,0,0,0,0,0,0
2001010601,KENN-MIXO-1998-1975-05-31,LV,MIA,DL,null,1,null,0,0,0,0,0,0,0,0,0,0,0,0,0,0,0,0,0,0,0,0,0,0,0,0,0,0,0,0,0,0,0,0,0,0,0,0,0
2001010601,LAMA-SMIT-1994-1970-11-29,LV,MIA,RB,null,1,null,0,0,0,0,0,8,5,0,1,1,1,4,0,0,0,0,0,0,0,0,0,0,0,0,0,0,0,0,0,0,0,0,0,0,0,0,0
2001010601,LARR-IZZO-1996-1974-09-26,LV,MIA,LB,null,1,null,0,0,0,0,0,0,0,0,0,0,0,0,0,0,0,0,0,0,0,0,0,0,0,0,0,0,0,0,0,0,0,0,0,0,0,0,0
2001010601,LORE-BROM-1998-1975-09-23,LV,MIA,DL,null,1,null,0,0,0,0,0,0,0,0,0,0,0,0,0,0,0,0,0,0,0,0,0,0,0,0,0,0,0,0,0,0,0,0,0,0,0,0,0
2001010601,LV,MIA,LV,DST,0,1,1,0,0,0,0,0,0,0,0,0,0,0,0,0,0,0,0,0,0,0,0,0,0,0,0,0,2,3,1,1,4,3,0,205,0,0,0,1
2001010601,MIA,LV,MIA,DST,0,1,1,0,0,0,0,0,0,0,0,0,0,0,0,0,0,0,0,0,0,0,0,0,0,0,0,0,3,0,1,1,4,0,21,267,0,0,0,0
2001010601,OLIN-MARE-1997-1973-06-06,LV,MIA,K,null,1,null,0,0,0,0,0,0,0,0,0,0,0,0,0,0,0,0,0,0,0,0,0,0,0,0,0,0,0,0,0,0,0,0,0,0,0,0,0
2001010601,ORON-GADS-1995-1971-08-20,LV,MIA,WR,null,1,null,0,0,0,0,0,0,0,0,0,5,1,33,0,0,0,0,0,0,0,0,0,0,0,0,0,0,0,0,0,0,0,0,0,0,0,0,0
2001010601,RAND-JORD-1993-1970-06-06,MIA,LV,RB,null,1,null,0,0,0,0,0,5,15,0,0,3,2,14,0,0,0,0,0,0,0,0,0,0,0,0,0,0,0,0,0,0,0,0,0,0,0,0,0
2001010601,REGA-UPSH-1996-1975-08-12,MIA,LV,DL,null,1,null,0,0,0,0,0,0,0,0,0,0,0,0,0,0,0,0,0,0,0,0,0,0,0,0,0,0,0,0,0,0,0,0,0,0,0,0,0
2001010601,RICH-GANN-1987-1965-12-20,MIA,LV,QB,null,1,null,18,12,143,0,1,5,31,0,1,0,0,0,0,0,0,0,0,0,0,0,0,0,0,0,0,0,0,0,0,0,0,0,0,0,0,0,0
2001010601,RICK-DUDL-1996-1972-07-15,MIA,LV,TE,null,1,null,0,0,0,0,0,0,0,0,0,2,0,0,0,0,0,0,0,0,0,0,0,0,0,0,0,0,0,0,0,0,0,0,0,0,0,0,0
2001010601,RODX-COLE-1999-1976-08-16,MIA,LV,DL,null,1,null,0,0,0,0,0,0,0,0,0,0,0,0,0,0,0,0,0,0,0,0,0,0,0,0,0,0,0,0,0,0,0,0,0,0,0,0,0
2001010601,SAMX-MADI-1997-1974-04-23,LV,MIA,DB,null,1,null,0,0,0,0,0,0,0,0,0,0,0,0,0,0,0,0,0,0,0,0,0,0,0,0,0,0,0,0,0,0,0,0,0,0,0,0,0
2001010601,SEBA-JANI-2000-1978-03-02,MIA,LV,K,null,1,null,0,0,0,0,0,0,0,0,0,0,0,0,0,0,0,0,0,2,69,0,0,2,0,0,3,0,0,0,0,0,0,0,0,0,0,0,0
2001010601,TERR-KIRB-1993-1970-01-20,MIA,LV,RB,null,1,null,0,0,0,0,0,11,37,0,0,3,2,35,0,0,0,0,0,0,0,0,0,0,0,0,0,0,0,0,0,0,0,0,0,0,0,0,0
2001010601,TIMX-BOWE-1994-1973-02-07,LV,MIA,DL,null,1,null,0,0,0,0,0,0,0,0,0,0,0,0,0,0,0,0,0,0,0,0,0,0,0,0,0,0,0,0,0,0,0,0,0,0,0,0,0
2001010601,TIMX-BROW-1988-1966-07-22,MIA,LV,WR,null,1,null,0,0,0,0,0,0,0,0,0,2,2,27,0,0,0,0,0,0,0,0,0,0,0,0,0,0,0,0,0,0,0,0,0,0,0,0,0
2001010601,TONY-BRYA-1999-1976-09-03,MIA,LV,DL,null,1,null,0,0,0,0,0,0,0,0,0,0,0,0,0,0,0,0,0,0,0,0,0,0,0,0,0,0,0,0,0,0,0,0,0,0,0,0,0
2001010601,TORY-JAME-1996-1973-05-18,MIA,LV,DB,null,1,null,0,0,0,0,0,0,0,0,0,0,0,0,0,0,0,0,0,0,0,0,0,0,0,0,0,0,0,0,0,0,0,0,0,0,0,0,0
2001010601,TRAC-ARMS-1989-1965-10-05,LV,MIA,DL,null,1,null,0,0,0,0,0,0,0,0,0,0,0,0,0,0,0,0,0,0,0,0,0,0,0,0,0,0,0,0,0,0,0,0,0,0,0,0,0
2001010601,TREN-GAMB-2000-1977-07-24,LV,MIA,DB,null,1,null,0,0,0,0,0,0,0,0,0,0,0,0,0,0,0,0,0,0,0,0,0,0,0,0,0,0,0,0,0,0,0,0,0,0,0,0,0
2001010601,TYRO-WHEA-1995-1972-01-19,MIA,LV,RB,null,1,null,0,0,0,0,0,19,56,1,0,0,0,0,0,0,0,0,0,0,0,0,0,0,0,0,0,0,0,0,0,0,0,0,0,0,0,0,0
2001010601,ZACK-CROC-1995-1972-12-02,MIA,LV,RB,null,1,null,0,0,0,0,0,1,3,0,0,2,1,9,0,0,0,0,0,0,0,0,0,0,0,0,0,0,0,0,0,0,0,0,0,0,0,0,0
2001010700,ANTH-MITC-1999-1974-12-13,TEN,BAL,DB,null,1,null,0,0,0,0,0,0,0,0,0,0,0,0,0,0,0,0,0,0,0,0,0,0,0,0,0,0,0,0,0,0,0,0,0,0,0,0,0
2001010700,ARIC-MORR-2000-1977-07-22,BAL,TEN,DB,null,1,null,0,0,0,0,0,0,0,0,0,0,0,0,0,0,0,0,0,0,0,0,0,0,0,0,0,0,0,0,0,0,0,0,0,0,0,0,0
2001010700,BAL,TEN,BAL,DST,0,1,1,0,0,0,0,0,0,0,0,0,0,0,0,0,0,0,0,0,0,0,0,0,0,0,0,0,1,1,0,0,3,2,10,317,2,0,0,2
2001010700,BILL-DAVI-1995-1972-07-06,TEN,BAL,WR,null,1,null,0,0,0,0,0,0,0,0,0,0,0,0,0,0,0,0,0,0,0,0,0,0,0,0,0,0,0,0,0,0,0,0,0,0,0,0,0
2001010700,BRAD-JACK-1998-1975-01-11,TEN,BAL,LB,null,1,null,0,0,0,0,0,0,0,0,0,0,0,0,0,0,0,0,0,0,0,0,0,0,0,0,0,0,0,0,0,0,0,0,0,0,0,0,0
2001010700,BRAN-STOK-1999-1976-06-23,TEN,BAL,WR,null,1,null,0,0,0,0,0,0,0,0,0,2,1,8,0,0,0,0,0,0,0,0,0,0,0,0,0,0,0,0,0,0,0,0,0,0,0,0,0
2001010700,CHRI-COLE-2000-1977-05-08,BAL,TEN,WR,null,1,null,0,0,0,0,0,0,0,0,0,0,0,0,0,0,0,0,0,0,0,0,0,0,0,0,0,0,0,0,0,0,0,0,0,0,0,0,0
2001010700,CHRI-MCAL-1999-1977-06-14,TEN,BAL,DB,null,1,null,0,0,0,0,0,0,0,0,0,0,0,0,0,0,0,0,0,0,0,0,0,0,0,0,0,0,0,0,0,0,0,0,0,0,0,0,0
2001010700,CRAI-HENT-1993-1971-05-18,BAL,TEN,P,null,1,null,0,0,0,0,0,0,0,0,0,0,0,0,0,0,0,0,0,0,0,0,0,0,0,0,0,0,0,0,0,0,0,0,0,0,0,0,0
2001010700,DAIN-SIDN-1998-1975-05-30,BAL,TEN,DB,null,1,null,0,0,0,0,0,0,0,0,0,0,0,0,0,0,0,0,0,0,0,0,0,0,0,0,0,0,0,0,0,0,0,0,0,0,0,0,0
2001010700,DENA-WALK-1997-1973-08-09,BAL,TEN,DB,null,1,null,0,0,0,0,0,0,0,0,0,0,0,0,0,0,0,0,0,0,0,0,0,0,0,0,0,0,0,0,0,0,0,0,0,0,0,0,0
2001010700,DERR-MASO-1997-1974-01-17,BAL,TEN,WR,null,1,null,0,0,0,0,0,0,0,0,0,15,7,88,0,0,0,0,0,0,0,0,0,0,0,0,0,0,0,0,0,0,0,0,0,0,0,0,0
2001010700,DUAN-STAR-1998-1974-05-23,TEN,BAL,DB,null,1,null,0,0,0,0,0,0,0,0,0,0,0,0,0,0,0,0,0,0,0,0,0,0,0,0,0,0,0,0,0,0,0,0,0,0,0,0,0
2001010700,EDDI-GEOR-1996-1973-09-24,BAL,TEN,RB,null,1,null,0,0,0,0,0,27,91,1,0,10,8,52,0,0,0,0,0,0,0,0,0,0,0,0,0,0,0,0,0,0,0,0,0,0,0,0,0
2001010700,ERRO-KINN-2000-1977-07-28,BAL,TEN,TE,null,1,null,0,0,0,0,0,0,0,0,0,2,1,9,0,0,0,0,0,0,0,0,0,0,0,0,0,0,0,0,0,0,0,0,0,0,0,0,0
2001010700,FRAN-WYCH-1993-1971-10-14,BAL,TEN,TE,null,1,null,0,0,0,0,0,0,0,0,0,6,5,31,0,0,0,0,0,0,0,0,0,0,0,0,0,0,0,0,0,0,0,0,0,0,0,0,0
2001010700,GREG-FAVO-1998-1974-09-30,BAL,TEN,LB,null,1,null,0,0,0,0,0,0,0,0,0,0,0,0,0,0,0,0,0,0,0,0,0,0,0,0,0,0,0,0,0,0,0,0,0,0,0,0,0
2001010700,HENR-FORD-1994-1971-10-30,BAL,TEN,DL,null,1,null,0,0,0,0,0,0,0,0,0,0,0,0,0,0,0,0,0,0,0,0,0,0,0,0,0,0,0,0,0,0,0,0,0,0,0,0,0
2001010700,JAMA-LEWI-2000-1979-08-26,TEN,BAL,RB,null,1,null,0,0,0,0,0,17,47,1,0,0,0,0,0,0,0,0,0,0,0,0,0,0,0,0,0,0,0,0,0,0,0,0,0,0,0,0,0
2001010700,JAME-TRAP-1993-1969-12-28,TEN,BAL,DB,null,1,null,0,0,0,0,0,0,0,0,0,0,0,0,0,0,0,0,0,0,0,0,0,0,0,0,0,0,0,0,0,0,0,0,0,0,0,0,0
2001010700,JERM-LEWI-1996-1974-10-16,TEN,BAL,WR,null,1,null,0,0,0,0,0,1,1,0,0,0,0,0,0,0,0,0,0,0,0,0,0,0,0,0,0,0,0,0,0,0,0,0,0,0,0,0,0
2001010700,JEVO-KEAR-1999-1976-09-03,BAL,TEN,DL,null,1,null,0,0,0,0,0,0,0,0,0,0,0,0,0,0,0,0,0,0,0,0,0,0,0,0,0,0,0,0,0,0,0,0,0,0,0,0,0
2001010700,JOEX-SALA-1998-1975-03-25,BAL,TEN,DL,null,1,null,0,0,0,0,0,0,0,0,0,0,0,0,0,0,0,0,0,0,0,0,0,0,0,0,0,0,0,0,0,0,0,0,0,0,0,0,0
2001010700,KEIT-WASH-1996-1972-12-18,TEN,BAL,DL,null,1,null,0,0,0,0,0,0,0,0,0,0,0,0,0,0,0,0,0,0,0,0,0,0,0,0,0,0,0,0,0,0,0,0,0,0,0,0,0
2001010700,KENN-HOLM-1997-1973-10-24,BAL,TEN,DL,null,1,null,0,0,0,0,0,0,0,0,0,0,0,0,0,0,0,0,0,0,0,0,0,0,0,0,0,0,0,0,0,0,0,0,0,0,0,0,0
2001010700,LARR-WEBS-1992-1969-01-18,TEN,BAL,DL,null,1,null,0,0,0,0,0,0,0,0,0,0,0,0,0,0,0,0,0,0,0,0,0,0,0,0,0,0,0,0,0,0,0,0,0,0,0,0,0
2001010700,LION-DALT-1998-1975-02-21,TEN,BAL,DL,null,1,null,0,0,0,0,0,0,0,0,0,0,0,0,0,0,0,0,0,0,0,0,0,0,0,0,0,0,0,0,0,0,0,0,0,0,0,0,0
2001010700,MATT-STOV-1990-1968-01-27,TEN,BAL,K,null,1,null,0,0,0,0,0,0,0,0,0,0,0,0,0,0,0,0,0,1,38,0,0,1,0,0,3,0,0,0,0,0,0,0,0,0,0,0,0
2001010700,MICH-MCCR-1993-1970-07-07,TEN,BAL,DL,null,1,null,0,0,0,0,0,0,0,0,0,0,0,0,0,0,0,0,0,0,0,0,0,0,0,0,0,0,0,0,0,0,0,0,0,0,0,0,0
2001010700,NEIL-ODON-1990-1966-07-03,BAL,TEN,QB,null,1,null,1,1,19,0,0,0,0,0,0,0,0,0,0,0,0,0,0,0,0,0,0,0,0,0,0,0,0,0,0,0,0,0,0,0,0,0,0
2001010700,OJXX-BRIG-1996-1969-09-29,TEN,BAL,LB,null,1,null,0,0,0,0,0,0,0,0,0,0,0,0,0,0,0,0,0,0,0,0,0,0,0,0,0,0,0,0,0,0,0,0,0,0,0,0,0
2001010700,PATX-JOHN-1998-1976-08-10,TEN,BAL,WR,null,1,null,0,0,0,0,0,0,0,0,0,1,0,0,0,0,0,0,0,0,0,0,0,0,0,0,0,0,0,0,0,0,0,0,0,0,0,0,0
2001010700,PETE-BOUL-1997-1974-12-18,TEN,BAL,LB,null,1,null,0,0,0,0,0,0,0,0,0,0,0,0,0,0,0,0,0,0,0,0,0,0,0,0,0,0,0,0,0,0,0,0,0,0,0,0,0
2001010700,QADR-ISMA-1993-1970-11-08,TEN,BAL,WR,null,1,null,0,0,0,0,0,0,0,0,0,6,3,53,0,0,0,0,0,0,0,0,0,0,0,0,0,0,0,0,0,0,0,0,0,0,0,0,0
2001010700,RAYX-LEWI-1996-1975-05-15,TEN,BAL,LB,null,1,null,0,0,0,0,0,0,0,0,0,0,0,0,0,0,0,0,0,0,0,0,0,0,0,0,0,0,0,0,0,0,0,0,0,0,0,0,0
2001010700,ROBX-BURN-1990-1967-08-27,TEN,BAL,DL,null,1,null,0,0,0,0,0,0,0,0,0,0,0,0,0,0,0,0,0,0,0,0,0,0,0,0,0,0,0,0,0,0,0,0,0,0,0,0,0
2001010700,RODE-WOOD-1987-1965-03-10,TEN,BAL,DB,null,1,null,0,0,0,0,0,0,0,0,0,0,0,0,0,0,0,0,0,0,0,0,0,0,0,0,0,0,0,0,0,0,0,0,0,0,0,0,0
2001010700,SAMA-ROLL-1998-1976-08-10,BAL,TEN,DB,null,1,null,0,0,0,0,0,0,0,0,0,0,0,0,0,0,0,0,0,0,0,0,0,0,0,0,0,0,0,0,0,0,0,0,0,0,0,0,0
2001010700,SAMU-GASH-1992-1969-03-07,TEN,BAL,RB,null,1,null,0,0,0,0,0,1,0,0,0,1,0,0,0,0,0,0,0,0,0,0,0,0,0,0,0,0,0,0,0,0,0,0,0,0,0,0,0
2001010700,SAMX-ADAM-1994-1973-06-13,TEN,BAL,DL,null,1,null,0,0,0,0,0,0,0,0,0,0,0,0,0,0,0,0,0,0,0,0,0,0,0,0,0,0,0,0,0,0,0,0,0,0,0,0,0
2001010700,SHAN-SHAR-1990-1968-06-26,TEN,BAL,TE,null,1,null,0,0,0,0,0,0,0,0,0,7,1,56,0,0,0,0,0,0,0,0,0,0,0,0,0,0,0,0,0,0,0,0,0,0,0,0,0
2001010700,STEV-MCNA-1995-1973-02-14,BAL,TEN,QB,null,1,null,46,24,176,1,0,5,31,0,0,1,1,-10,0,0,0,0,0,0,0,0,0,0,0,0,0,0,0,0,0,0,0,0,0,0,0,0,0
2001010700,TEN,BAL,TEN,DST,0,1,1,0,0,0,0,0,0,0,0,0,0,0,0,0,0,0,0,0,0,0,0,0,0,0,0,0,3,0,0,0,6,0,12,134,2,0,0,0
2001010700,TERR-KILL-1996-1974-03-24,BAL,TEN,LB,null,1,null,0,0,0,0,0,0,0,0,0,0,0,0,0,0,0,0,0,0,0,0,0,0,0,0,0,0,0,0,0,0,0,0,0,0,0,0,0
2001010700,TONY-BANK-1996-1973-04-05,TEN,BAL,QB,null,1,null,1,0,0,0,0,0,0,0,0,0,0,0,0,0,0,0,0,0,0,0,0,0,0,0,0,0,0,0,0,0,0,0,0,0,0,0,0
2001010700,TREN-DILF-1994-1972-03-13,TEN,BAL,QB,null,1,null,16,5,117,0,0,4,1,0,0,0,0,0,0,0,0,0,0,0,0,0,0,0,0,0,0,0,0,0,0,0,0,0,0,0,0,0,0
2001010701,ALXX-HARR-1997-1974-12-07,NYG,PHI,DB,null,1,null,0,0,0,0,0,0,0,0,0,0,0,0,0,0,0,0,0,0,0,0,0,0,0,0,0,0,0,0,0,0,0,0,0,0,0,0,0
2001010701,AMAN-TOOM-1996-1974-09-08,PHI,NYG,WR,null,1,null,0,0,0,0,0,1,6,0,1,4,2,23,0,0,0,0,0,0,0,0,0,0,0,0,0,0,0,0,0,0,0,0,0,0,0,0,0
2001010701,BARR-GARD-1999-1976-12-13,NYG,PHI,LB,null,1,null,0,0,0,0,0,0,0,0,0,0,0,0,0,0,0,0,0,0,0,0,0,0,0,0,0,0,0,0,0,0,0,0,0,0,0,0,0
2001010701,BOBB-TAYL-1995-1973-12-28,NYG,PHI,DB,null,1,null,0,0,0,0,0,0,0,0,0,0,0,0,0,0,0,0,0,0,0,0,0,0,0,0,0,0,0,0,0,0,0,0,0,0,0,0,0
2001010701,BRAD-MAYN-1997-1974-02-09,PHI,NYG,K,null,1,null,0,0,0,0,0,0,0,0,0,0,0,0,0,0,0,0,0,0,0,0,0,0,0,0,0,0,0,0,0,0,0,0,0,0,0,0,0
2001010701,BRAN-WHIT-1998-1976-07-30,NYG,PHI,DL,null,1,null,0,0,0,0,0,0,0,0,0,0,0,0,0,0,0,0,0,0,0,0,0,0,0,0,0,0,0,0,0,0,0,0,0,0,0,0,0
2001010701,BRIA-MITC-1990-1968-08-18,NYG,PHI,RB,null,1,null,0,0,0,0,0,3,18,0,0,4,3,27,0,0,0,0,0,0,0,0,0,0,0,0,0,0,0,0,0,0,0,0,0,0,0,0,0
2001010701,CECI-MART-1999-1975-07-08,NYG,PHI,RB,null,1,null,0,0,0,0,0,0,0,0,0,1,1,4,0,0,0,0,0,0,0,0,0,0,0,0,0,0,0,0,0,0,0,0,0,0,0,0,0
2001010701,CHAD-LEWI-1997-1971-10-05,NYG,PHI,TE,null,1,null,0,0,0,0,0,0,0,0,0,5,3,27,0,0,0,0,0,0,0,0,0,0,0,0,0,0,0,0,0,0,0,0,0,0,0,0,0
2001010701,CHAR-JOHN-1994-1972-01-03,NYG,PHI,WR,null,1,null,0,0,0,0,0,0,0,0,0,9,5,53,0,0,0,0,0,0,0,0,0,0,0,0,0,0,0,0,0,0,0,0,0,0,0,0,0
2001010701,CORE-SIMO-2000-1977-03-02,NYG,PHI,DL,null,1,null,0,0,0,0,0,0,0,0,0,0,0,0,0,0,0,0,0,0,0,0,0,0,0,0,0,0,0,0,0,0,0,0,0,0,0,0,0
2001010701,CORN-GRIF-2000-1976-12-03,PHI,NYG,DL,null,1,null,0,0,0,0,0,0,0,0,0,0,0,0,0,0,0,0,0,0,0,0,0,0,0,0,0,0,0,0,0,0,0,0,0,0,0,0,0
2001010701,DAMO-MOOR-1999-1976-09-15,NYG,PHI,DB,null,1,null,0,0,0,0,0,0,0,0,0,0,0,0,0,0,0,0,0,0,0,0,0,0,0,0,0,0,0,0,0,0,0,0,0,0,0,0,0
2001010701,DAMO-WASH-2000-1977-02-20,PHI,NYG,RB,null,1,null,0,0,0,0,0,0,0,0,0,0,0,0,0,0,0,0,0,0,0,0,0,0,0,0,0,0,0,0,0,0,0,0,0,0,0,0,0
2001010701,DAVI-AKER-1998-1974-12-09,NYG,PHI,K,null,1,null,0,0,0,0,0,0,0,0,0,0,0,0,0,0,0,0,0,1,30,0,1,0,0,0,1,0,0,0,0,0,0,0,0,0,0,0,0
2001010701,DONO-MCNA-1999-1976-11-25,NYG,PHI,QB,null,1,null,41,20,181,1,1,5,17,0,1,0,0,0,0,0,0,0,0,0,0,0,0,0,0,0,0,0,0,0,0,0,0,0,0,0,0,0,0
2001010701,DORI-BOOS-1998-1974-01-29,NYG,PHI,DL,null,1,null,0,0,0,0,0,0,0,0,0,0,0,0,0,0,0,0,0,0,0,0,0,0,0,0,0,0,0,0,0,0,0,0,0,0,0,0,0
2001010701,EMMA-MCDA-1996-1972-07-27,PHI,NYG,DB,null,1,null,0,0,0,0,0,0,0,0,0,0,0,0,0,0,0,0,0,0,0,0,0,0,0,0,0,0,0,0,0,0,0,0,0,0,0,0,0
2001010701,GREG-COME-1998-1975-07-29,PHI,NYG,RB,null,1,null,0,0,0,0,0,1,2,0,0,2,1,3,0,0,0,0,0,0,0,0,0,0,0,0,0,0,0,0,0,0,0,0,0,0,0,0,0
2001010701,HOLL-THOM-1996-1974-01-10,NYG,PHI,DL,null,1,null,0,0,0,0,0,0,0,0,0,0,0,0,0,0,0,0,0,0,0,0,0,0,0,0,0,0,0,0,0,0,0,0,0,0,0,0,0
2001010701,IKEX-HILL-1997-1976-04-05,PHI,NYG,WR,null,1,null,0,0,0,0,0,1,-1,0,0,4,3,35,0,0,0,0,0,0,0,0,0,0,0,0,0,0,0,0,0,0,0,0,0,0,0,0,0
2001010701,JACK-GOLD-2000-1977-01-28,PHI,NYG,LB,null,1,null,0,0,0,0,0,0,0,0,0,0,0,0,0,0,0,0,0,0,0,0,0,0,0,0,0,0,0,0,0,0,0,0,0,0,0,0,0
2001010701,JAME-DARL-1997-1974-12-29,NYG,PHI,LB,null,1,null,0,0,0,0,0,0,0,0,0,0,0,0,0,0,0,0,0,0,0,0,0,0,0,0,0,0,0,0,0,0,0,0,0,0,0,0,0
2001010701,JASO-BOST-1999-1976-06-30,NYG,PHI,DB,null,1,null,0,0,0,0,0,0,0,0,0,0,0,0,0,0,0,0,0,0,0,0,0,0,0,0,0,0,0,0,0,0,0,0,0,0,0,0,0
2001010701,JASO-SEHO-1994-1971-04-15,PHI,NYG,DB,null,1,null,0,0,0,0,0,0,0,0,0,0,0,0,0,0,0,0,0,0,0,0,0,0,0,0,0,0,0,0,0,0,0,0,0,0,0,0,0
2001010701,JEFF-THOM-1992-1969-12-30,NYG,PHI,TE,null,1,null,0,0,0,0,0,0,0,0,0,1,0,0,0,0,0,0,0,0,0,0,0,0,0,0,0,0,0,0,0,0,0,0,0,0,0,0,0
2001010701,JERE-TROT-1998-1977-01-20,NYG,PHI,LB,null,1,null,0,0,0,0,0,0,0,0,0,0,0,0,0,0,0,0,0,0,0,0,0,0,0,0,0,0,0,0,0,0,0,0,0,0,0,0,0
2001010701,JERO-CHER-1996-1973-05-30,NYG,PHI,DB,null,1,null,0,0,0,0,0,0,0,0,0,0,0,0,0,0,0,0,0,0,0,0,0,0,0,0,0,0,0,0,0,0,0,0,0,0,0,0,0
2001010701,JESS-ARMS-1993-1970-10-26,PHI,NYG,LB,null,1,null,0,0,0,0,0,0,0,0,0,0,0,0,0,0,0,0,0,0,0,0,0,0,0,0,0,0,0,0,0,0,0,0,0,0,0,0,0
2001010701,KEIT-HAMI-1992-1971-05-25,PHI,NYG,DL,null,1,null,0,0,0,0,0,0,0,0,0,0,0,0,0,0,0,0,0,0,0,0,0,0,0,0,0,0,0,0,0,0,0,0,0,0,0,0,0
2001010701,KERR-COLL-1995-1972-12-30,PHI,NYG,QB,null,1,null,19,12,125,0,0,8,17,0,0,0,0,0,0,0,0,0,0,0,0,0,0,0,0,0,0,0,0,0,0,0,0,0,0,0,0,0,0
2001010701,LUTH-BROU-1997-1974-11-30,NYG,PHI,TE,null,1,null,0,0,0,0,0,0,0,0,0,1,1,13,0,0,0,0,0,0,0,0,0,0,0,0,0,0,0,0,0,0,0,0,0,0,0,0,0
2001010701,LYLE-WEST-1999-1976-12-20,PHI,NYG,DB,null,1,null,0,0,0,0,0,0,0,0,0,0,0,0,0,0,0,0,0,0,0,0,0,0,0,0,0,0,0,0,0,0,0,0,0,0,0,0,0
2001010701,MICH-STRA-1993-1971-11-21,PHI,NYG,DL,null,1,null,0,0,0,0,0,0,0,0,0,0,0,0,0,0,0,0,0,0,0,0,0,0,0,0,0,0,0,0,0,0,0,0,0,0,0,0,0
2001010701,MIKE-BART-1993-1970-06-23,NYG,PHI,TE,null,1,null,0,0,0,0,0,0,0,0,0,0,0,0,0,0,0,0,0,0,0,0,0,0,0,0,0,0,0,0,0,0,0,0,0,0,0,0,0
2001010701,MIKE-CALD-1993-1971-08-31,NYG,PHI,LB,null,1,null,0,0,0,0,0,0,0,0,0,0,0,0,0,0,0,0,0,0,0,0,0,0,0,0,0,0,0,0,0,0,0,0,0,0,0,0,0
2001010701,NAXX-BROW-1999-1977-02-22,NYG,PHI,WR,null,1,null,0,0,0,0,0,0,0,0,0,6,1,4,0,0,0,0,0,0,0,0,0,0,0,0,0,0,0,0,0,0,0,0,0,0,0,0,0
2001010701,NYG,PHI,NYG,DST,0,1,1,0,0,0,0,0,0,0,0,0,0,0,0,0,0,0,1,0,0,0,0,0,0,0,0,0,6,1,3,3,6,1,10,186,0,0,0,1
2001010701,PAUL-GRAS-1996-1974-08-02,NYG,PHI,DL,null,1,null,0,0,0,0,0,0,0,0,0,0,0,0,0,0,0,0,0,0,0,0,0,0,0,0,0,0,0,0,0,0,0,0,0,0,0,0,0
2001010701,PETE-MITC-1995-1971-10-09,PHI,NYG,TE,null,1,null,0,0,0,0,0,0,0,0,0,2,2,47,0,0,0,0,0,0,0,0,0,0,0,0,0,0,0,0,0,0,0,0,0,0,0,0,0
2001010701,PHI,NYG,PHI,DST,0,1,1,0,0,0,0,0,0,0,0,0,0,0,0,0,0,0,1,0,0,0,0,0,0,0,0,0,1,0,2,3,2,0,8,237,1,0,0,0
2001010701,RICH-PHIL-1997-1974-02-07,PHI,NYG,LB,null,1,null,0,0,0,0,0,0,0,0,0,0,0,0,0,0,0,0,0,0,0,0,0,0,0,0,0,0,0,0,0,0,0,0,0,0,0,0,0
2001010701,RONX-DAYN-2000-1978-03-14,PHI,NYG,RB,null,1,null,0,0,0,0,0,17,53,0,1,1,1,4,0,0,0,0,0,0,0,0,0,0,0,0,0,0,0,0,0,0,0,0,0,0,0,0,0
2001010701,RONX-DIXO-2000-1976-05-28,PHI,NYG,WR,null,1,null,0,0,0,0,0,0,0,0,0,1,0,0,0,0,0,1,0,0,0,0,0,0,0,0,0,0,0,0,0,0,0,0,0,0,0,0,0
2001010701,THAB-DAVI-2000-1975-03-24,PHI,NYG,WR,null,1,null,0,0,0,0,0,0,0,0,0,0,0,0,0,0,0,0,0,0,0,0,0,0,0,0,0,0,0,0,0,0,0,0,0,0,0,0,0
2001010701,TIKI-BARB-1997-1975-04-07,PHI,NYG,RB,null,1,null,0,0,0,0,0,15,35,0,1,5,3,13,0,0,0,0,0,0,0,0,0,0,0,0,0,0,0,0,0,0,0,0,0,0,0,0,0
2001010701,TIMX-HAUC-1990-1966-12-20,NYG,PHI,DB,null,1,null,0,0,0,0,0,0,0,0,0,0,0,0,0,0,0,0,0,0,0,0,0,0,0,0,0,0,0,0,0,0,0,0,0,0,0,0,0
2001010701,TODD-PINK-2000-1977-04-23,NYG,PHI,WR,null,1,null,0,0,0,0,0,0,0,0,0,1,0,0,0,0,0,0,0,0,0,0,0,0,0,0,0,0,0,0,0,0,0,0,0,0,0,0,0
2001011400,ADAM-TREU-1997-1974-06-24,BAL,LV,OL,null,1,null,0,0,0,0,0,0,0,0,0,0,0,0,0,0,0,0,0,0,0,0,0,0,0,0,0,0,0,0,0,0,0,0,0,0,0,0,0
2001011400,ANTH-DORS-1996-1973-09-14,BAL,LV,SS,null,1,null,0,0,0,0,0,0,0,0,0,0,0,0,0,0,0,0,0,0,0,0,0,0,0,0,0,0,0,0,0,0,0,0,0,0,0,0,0
2001011400,ANTH-MITC-1999-1974-12-13,LV,BAL,DB,null,1,null,0,0,0,0,0,0,0,0,0,0,0,0,0,0,0,0,0,0,0,0,0,0,0,0,0,0,0,0,0,0,0,0,0,0,0,0,0
2001011400,BAL,LV,BAL,DST,0,1,1,0,0,0,0,0,0,0,0,0,0,0,0,0,0,0,0,0,0,0,0,0,0,0,0,0,4,4,1,1,5,0,3,191,0,0,0,0
2001011400,BILL-DAVI-1995-1972-07-06,LV,BAL,WR,null,1,null,0,0,0,0,0,0,0,0,0,0,0,0,0,0,0,0,0,0,0,0,0,0,0,0,0,0,0,0,0,0,0,0,0,0,0,0,0
2001011400,BOBB-BROO-1999-1976-03-03,BAL,LV,LB,null,1,null,0,0,0,0,0,0,0,0,0,0,0,0,0,0,0,0,0,0,0,0,0,0,0,0,0,0,0,0,0,0,0,0,0,0,0,0,0
2001011400,BRAN-STOK-1999-1976-06-23,LV,BAL,WR,null,1,null,0,0,0,0,0,0,0,0,0,4,3,31,0,0,0,0,0,0,0,0,0,0,0,0,0,0,0,0,0,0,0,0,0,0,0,0,0
2001011400,CALV-BRAN-1997-1974-05-08,BAL,LV,DB,null,1,null,0,0,0,0,0,0,0,0,0,0,0,0,0,0,0,0,0,0,0,0,0,0,0,0,0,0,0,0,0,0,0,0,0,0,0,0,0
2001011400,CHRI-MCAL-1999-1977-06-14,LV,BAL,DB,null,1,null,0,0,0,0,0,0,0,0,0,0,0,0,0,0,0,0,0,0,0,0,0,0,0,0,0,0,0,0,0,0,0,0,0,0,0,0,0
2001011400,DARR-GORD-1993-1970-11-14,BAL,LV,DB,null,1,null,0,0,0,0,0,0,0,0,0,0,0,0,0,0,0,0,0,0,0,0,0,0,0,0,0,0,0,0,0,0,0,0,0,0,0,0,0
2001011400,DARR-RUSS-1997-1976-05-27,BAL,LV,DL,null,1,null,0,0,0,0,0,0,0,0,0,0,0,0,0,0,0,0,0,0,0,0,0,0,0,0,0,0,0,0,0,0,0,0,0,0,0,0,0
2001011400,DUAN-STAR-1998-1974-05-23,LV,BAL,DB,null,1,null,0,0,0,0,0,0,0,0,0,0,0,0,0,0,0,0,0,0,0,0,0,0,0,0,0,0,0,0,0,0,0,0,0,0,0,0,0
2001011400,GRAD-JACK-1997-1973-01-21,BAL,LV,DL,null,1,null,0,0,0,0,0,0,0,0,0,0,0,0,0,0,0,0,0,0,0,0,0,0,0,0,0,0,0,0,0,0,0,0,0,0,0,0,0
2001011400,GREG-BIEK-1993-1969-03-14,BAL,LV,LB,null,1,null,0,0,0,0,0,0,0,0,0,0,0,0,0,0,0,0,0,0,0,0,0,0,0,0,0,0,0,0,0,0,0,0,0,0,0,0,0
2001011400,JAMA-LEWI-2000-1979-08-26,LV,BAL,RB,null,1,null,0,0,0,0,0,29,79,0,1,3,3,21,0,0,0,0,0,0,0,0,0,0,0,0,0,0,0,0,0,0,0,0,0,0,0,0,0
2001011400,JAME-JETT-1993-1970-12-28,BAL,LV,WR,null,1,null,0,0,0,0,0,0,0,0,0,6,3,16,0,0,0,0,0,0,0,0,0,0,0,0,0,0,0,0,0,0,0,0,0,0,0,0,0
2001011400,JAME-TRAP-1993-1969-12-28,LV,BAL,DB,null,1,null,0,0,0,0,0,0,0,0,0,0,0,0,0,0,0,0,0,0,0,0,0,0,0,0,0,0,0,0,0,0,0,0,0,0,0,0,0
2001011400,JERM-LEWI-1996-1974-10-16,LV,BAL,WR,null,1,null,0,0,0,0,0,0,0,0,0,0,0,0,0,0,0,0,0,0,0,0,0,0,0,0,0,0,0,0,0,0,0,0,0,0,0,0,0
2001011400,JERR-PORT-2000-1978-07-14,BAL,LV,WR,null,1,null,0,0,0,0,0,0,0,0,0,1,1,19,0,0,0,0,0,0,0,0,0,0,0,0,0,0,0,0,0,0,0,0,0,0,0,0,0
2001011400,JOHN-HARR-1999-1972-08-21,BAL,LV,DB,null,1,null,0,0,0,0,0,0,0,0,0,0,0,0,0,0,0,0,0,0,0,0,0,0,0,0,0,0,0,0,0,0,0,0,0,0,0,0,0
2001011400,JOSH-TAVE-1995-1972-05-13,BAL,LV,DL,null,1,null,0,0,0,0,0,0,0,0,0,0,0,0,0,0,0,0,0,0,0,0,0,0,0,0,0,0,0,0,0,0,0,0,0,0,0,0,0
2001011400,KEIT-WASH-1996-1972-12-18,LV,BAL,DL,null,1,null,0,0,0,0,0,0,0,0,0,0,0,0,0,0,0,0,0,0,0,0,0,0,0,0,0,0,0,0,0,0,0,0,0,0,0,0,0
2001011400,LANC-JOHN-1996-1973-06-11,BAL,LV,DL,null,1,null,0,0,0,0,0,0,0,0,0,0,0,0,0,0,0,0,0,0,0,0,0,0,0,0,0,0,0,0,0,0,0,0,0,0,0,0,0
2001011400,LARR-WEBS-1992-1969-01-18,LV,BAL,DL,null,1,null,0,0,0,0,0,0,0,0,0,0,0,0,0,0,0,0,0,0,0,0,0,0,0,0,0,0,0,0,0,0,0,0,0,0,0,0,0
2001011400,LION-DALT-1998-1975-02-21,LV,BAL,DL,null,1,null,0,0,0,0,0,0,0,0,0,0,0,0,0,0,0,0,0,0,0,0,0,0,0,0,0,0,0,0,0,0,0,0,0,0,0,0,0
2001011400,LV,BAL,LV,DST,0,1,1,0,0,0,0,0,0,0,0,0,0,0,0,0,0,0,0,0,0,0,0,0,0,0,0,0,2,1,1,1,2,0,16,282,0,0,0,0
2001011400,MATT-STOV-1990-1968-01-27,LV,BAL,K,null,1,null,0,0,0,0,0,0,0,0,0,0,0,0,0,0,0,0,0,3,91,0,2,1,0,0,1,0,0,0,0,0,0,0,0,0,0,0,0
2001011400,MICH-MCCR-1993-1970-07-07,LV,BAL,DL,null,1,null,0,0,0,0,0,0,0,0,0,0,0,0,0,0,0,0,0,0,0,0,0,0,0,0,0,0,0,0,0,0,0,0,0,0,0,0,0
2001011400,OJXX-BRIG-1996-1969-09-29,LV,BAL,LB,null,1,null,0,0,0,0,0,0,0,0,0,0,0,0,0,0,0,0,0,0,0,0,0,0,0,0,0,0,0,0,0,0,0,0,0,0,0,0,0
2001011400,PATX-JOHN-1998-1976-08-10,LV,BAL,WR,null,1,null,0,0,0,0,0,0,0,0,0,1,0,0,0,0,0,0,0,0,0,0,0,0,0,0,0,0,0,0,0,0,0,0,0,0,0,0,0
2001011400,PETE-BOUL-1997-1974-12-18,LV,BAL,LB,null,1,null,0,0,0,0,0,0,0,0,0,0,0,0,0,0,0,0,0,0,0,0,0,0,0,0,0,0,0,0,0,0,0,0,0,0,0,0,0
2001011400,PRIE-HOLM-1997-1973-10-07,LV,BAL,RB,null,1,null,0,0,0,0,0,9,31,0,0,0,0,0,0,0,0,0,0,0,0,0,0,0,0,0,0,0,0,0,0,0,0,0,0,0,0,0,0
2001011400,QADR-ISMA-1993-1970-11-08,LV,BAL,WR,null,1,null,0,0,0,0,0,1,-4,0,0,3,1,18,0,0,0,0,0,0,0,0,0,0,0,0,0,0,0,0,0,0,0,0,0,0,0,0,0
2001011400,RAND-JORD-1993-1970-06-06,BAL,LV,RB,null,1,null,0,0,0,0,0,1,2,0,0,2,0,0,0,0,0,0,0,0,0,0,0,0,0,0,0,0,0,0,0,0,0,0,0,0,0,0,0
2001011400,RAYX-LEWI-1996-1975-05-15,LV,BAL,LB,null,1,null,0,0,0,0,0,0,0,0,0,0,0,0,0,0,0,0,0,0,0,0,0,0,0,0,0,0,0,0,0,0,0,0,0,0,0,0,0
2001011400,REGA-UPSH-1996-1975-08-12,BAL,LV,DL,null,1,null,0,0,0,0,0,0,0,0,0,0,0,0,0,0,0,0,0,0,0,0,0,0,0,0,0,0,0,0,0,0,0,0,0,0,0,0,0
2001011400,RICH-GANN-1987-1965-12-20,BAL,LV,QB,null,1,null,21,11,80,2,0,1,2,0,1,0,0,0,0,0,0,0,0,0,0,0,0,0,0,0,0,0,0,0,0,0,0,0,0,0,0,0,0
2001011400,RICK-DUDL-1996-1972-07-15,BAL,LV,TE,null,1,null,0,0,0,0,0,0,0,0,0,3,1,7,0,0,0,0,0,0,0,0,0,0,0,0,0,0,0,0,0,0,0,0,0,0,0,0,0
2001011400,ROBX-BURN-1990-1967-08-27,LV,BAL,DL,null,1,null,0,0,0,0,0,0,0,0,0,0,0,0,0,0,0,0,0,0,0,0,0,0,0,0,0,0,0,0,0,0,0,0,0,0,0,0,0
2001011400,RODE-WOOD-1987-1965-03-10,LV,BAL,DB,null,1,null,0,0,0,0,0,0,0,0,0,0,0,0,0,0,0,0,0,0,0,0,0,0,0,0,0,0,0,0,0,0,0,0,0,0,0,0,0
2001011400,RODX-COLE-1999-1976-08-16,BAL,LV,DL,null,1,null,0,0,0,0,0,0,0,0,0,0,0,0,0,0,0,0,0,0,0,0,0,0,0,0,0,0,0,0,0,0,0,0,0,0,0,0,0
2001011400,SAMU-GASH-1992-1969-03-07,LV,BAL,RB,null,1,null,0,0,0,0,0,0,0,0,0,1,0,0,0,0,0,0,0,0,0,0,0,0,0,0,0,0,0,0,0,0,0,0,0,0,0,0,0
2001011400,SEBA-JANI-2000-1978-03-02,BAL,LV,K,null,1,null,0,0,0,0,0,0,0,0,0,0,0,0,0,0,0,0,0,1,30,0,1,0,0,0,0,0,0,0,0,0,0,0,0,0,0,0,0
2001011400,SHAN-SHAR-1990-1968-06-26,LV,BAL,TE,null,1,null,0,0,0,0,0,0,0,0,0,4,1,96,1,0,0,0,0,0,0,0,0,0,0,0,0,0,0,0,0,0,0,0,0,0,0,0,0
2001011400,TERR-KIRB-1993-1970-01-20,BAL,LV,RB,null,1,null,0,0,0,0,0,0,0,0,0,2,2,41,0,0,0,0,0,0,0,0,0,0,0,0,0,0,0,0,0,0,0,0,0,0,0,0,0
2001011400,TIMX-BROW-1988-1966-07-22,BAL,LV,WR,null,1,null,0,0,0,0,0,0,0,0,0,10,5,48,0,0,0,0,0,0,0,0,0,0,0,0,0,0,0,0,0,0,0,0,0,0,0,0,0
2001011400,TONY-BRYA-1999-1976-09-03,BAL,LV,DL,null,1,null,0,0,0,0,0,0,0,0,0,0,0,0,0,0,0,0,0,0,0,0,0,0,0,0,0,0,0,0,0,0,0,0,0,0,0,0,0
2001011400,TORY-JAME-1996-1973-05-18,BAL,LV,DB,null,1,null,0,0,0,0,0,0,0,0,0,0,0,0,0,0,0,0,0,0,0,0,0,0,0,0,0,0,0,0,0,0,0,0,0,0,0,0,0
2001011400,TREN-DILF-1994-1972-03-13,LV,BAL,QB,null,1,null,18,9,190,1,1,7,4,0,0,0,0,0,0,0,0,0,0,0,0,0,0,0,0,0,0,0,0,0,0,0,0,0,0,0,0,0,0
2001011400,TYRO-WHEA-1995-1972-01-19,BAL,LV,RB,null,1,null,0,0,0,0,0,12,7,0,0,1,1,4,0,0,0,0,0,0,0,0,0,0,0,0,0,0,0,0,0,0,0,0,0,0,0,0,0
2001011400,ZACK-CROC-1995-1972-12-02,BAL,LV,RB,null,1,null,0,0,0,0,0,0,0,0,0,2,2,9,0,0,0,0,0,0,0,0,0,0,0,0,0,0,0,0,0,0,0,0,0,0,0,0,0
2001011401,AMAN-TOOM-1996-1974-09-08,MIN,NYG,WR,null,1,null,0,0,0,0,0,0,0,0,0,7,6,88,1,0,0,0,0,0,0,0,0,0,0,0,0,0,0,0,0,0,0,0,0,0,0,0,0
2001011401,BRAD-MAYN-1997-1974-02-09,MIN,NYG,K,null,1,null,0,0,0,0,0,0,0,0,0,0,0,0,0,0,0,0,0,0,0,0,0,0,0,0,0,0,0,0,0,0,0,0,0,0,0,0,0
2001011401,CHRI-HOVA-2000-1978-05-12,NYG,MIN,DL,null,1,null,0,0,0,0,0,0,0,0,0,0,0,0,0,0,0,0,0,0,0,0,0,0,0,0,0,0,0,0,0,0,0,0,0,0,0,0,0
2001011401,CHRI-PETE-1996-1972-10-05,MIN,NYG,DL,null,1,null,0,0,0,0,0,0,0,0,0,0,0,0,0,0,0,0,0,0,0,0,0,0,0,0,0,0,0,0,0,0,0,0,0,0,0,0,0
2001011401,CHRI-WALS-1992-1968-12-12,NYG,MIN,WR,null,1,null,0,0,0,0,0,0,0,0,0,3,3,23,0,0,0,0,0,0,0,0,0,0,0,0,0,0,0,0,0,0,0,0,0,0,0,0,0
2001011401,CORB-LACI-1993-1970-11-02,NYG,MIN,G,null,1,null,0,0,0,0,0,0,0,0,0,0,0,0,0,0,0,0,0,0,0,0,0,0,0,0,0,0,0,0,0,0,0,0,0,0,0,0,0
2001011401,CORN-GRIF-2000-1976-12-03,MIN,NYG,DL,null,1,null,0,0,0,0,0,0,0,0,0,0,0,0,0,0,0,0,0,0,0,0,0,0,0,0,0,0,0,0,0,0,0,0,0,0,0,0,0
2001011401,CRIS-CART-1987-1965-11-25,NYG,MIN,WR,null,1,null,0,0,0,0,0,0,0,0,0,7,3,24,0,0,0,0,0,0,0,0,0,0,0,0,0,0,0,0,0,0,0,0,0,0,0,0,0
2001011401,DAMO-WASH-2000-1977-02-20,MIN,NYG,RB,null,1,null,0,0,0,0,0,0,0,0,0,0,0,0,0,0,0,0,0,0,0,0,0,0,0,0,0,0,0,0,0,0,0,0,0,0,0,0,0
2001011401,DAUN-CULP-1999-1977-01-28,NYG,MIN,QB,null,1,null,28,13,78,3,0,2,10,0,1,0,0,0,0,0,0,0,0,0,0,0,0,0,0,0,0,0,0,0,0,0,0,0,0,0,0,0,0
2001011401,DONX-MORG-1999-1975-09-18,NYG,MIN,DB,null,1,null,0,0,0,0,0,0,0,0,0,0,0,0,0,0,0,0,0,0,0,0,0,0,0,0,0,0,0,0,0,0,0,0,0,0,0,0,0
2001011401,DWAY-RUDD-1997-1976-02-03,NYG,MIN,LB,null,1,null,0,0,0,0,0,0,0,0,0,0,0,0,0,0,0,0,0,0,0,0,0,0,0,0,0,0,0,0,0,0,0,0,0,0,0,0,0
2001011401,EMMA-MCDA-1996-1972-07-27,MIN,NYG,DB,null,1,null,0,0,0,0,0,0,0,0,0,0,0,0,0,0,0,0,0,0,0,0,0,0,0,0,0,0,0,0,0,0,0,0,0,0,0,0,0
2001011401,FERN-SMIT-1994-1971-08-02,NYG,MIN,DL,null,1,null,0,0,0,0,0,0,0,0,0,0,0,0,0,0,0,0,0,0,0,0,0,0,0,0,0,0,0,0,0,0,0,0,0,0,0,0,0
2001011401,GREG-COME-1998-1975-07-29,MIN,NYG,RB,null,1,null,0,0,0,0,0,0,0,0,0,4,4,36,1,0,0,0,0,0,0,0,0,0,0,0,0,0,0,0,0,0,0,0,0,0,0,0,0
2001011401,IKEX-HILL-1997-1976-04-05,MIN,NYG,WR,null,1,null,0,0,0,0,0,0,0,0,0,13,10,155,2,0,0,0,0,0,0,0,0,0,0,0,0,0,0,0,0,0,0,0,0,0,0,0,0
2001011401,JACK-GOLD-2000-1977-01-28,MIN,NYG,LB,null,1,null,0,0,0,0,0,0,0,0,0,0,0,0,0,0,0,0,0,0,0,0,0,0,0,0,0,0,0,0,0,0,0,0,0,0,0,0,0
2001011401,JASO-GARR-1993-1966-03-28,MIN,NYG,QB,null,1,null,1,1,4,0,0,3,-3,0,0,0,0,0,0,0,0,0,0,0,0,0,0,0,0,0,0,0,0,0,0,0,0,0,0,0,0,0,0
2001011401,JASO-SEHO-1994-1971-04-15,MIN,NYG,DB,null,1,null,0,0,0,0,0,0,0,0,0,0,0,0,0,0,0,0,0,0,0,0,0,0,0,0,0,0,0,0,0,0,0,0,0,0,0,0,0
2001011401,JESS-ARMS-1993-1970-10-26,MIN,NYG,LB,null,1,null,0,0,0,0,0,0,0,0,0,0,0,0,0,0,0,0,0,0,0,0,0,0,0,0,0,0,0,0,0,0,0,0,0,0,0,0,0
2001011401,JOEX-JURE-1998-1974-12-23,MIN,NYG,WR,null,1,null,0,0,0,0,0,0,0,0,0,3,2,15,1,0,0,0,0,0,0,0,0,0,0,0,0,0,0,0,0,0,0,0,0,0,0,0,0
2001011401,JOEX-MONT-1999-1976-06-08,MIN,NYG,RB,null,1,null,0,0,0,0,0,16,43,0,0,0,0,0,0,0,0,0,0,0,0,0,0,0,0,0,0,0,0,0,0,0,0,0,0,0,0,0,0
2001011401,JOHN-BURR-1995-1972-05-17,NYG,MIN,DL,null,1,null,0,0,0,0,0,0,0,0,0,0,0,0,0,0,0,0,0,0,0,0,0,0,0,0,0,0,0,0,0,0,0,0,0,0,0,0,0
2001011401,JOHN-DAVI-1994-1973-05-14,NYG,MIN,TE,null,1,null,0,0,0,0,0,0,0,0,0,1,0,0,0,0,0,0,0,0,0,0,0,0,0,0,0,0,0,0,0,0,0,0,0,0,0,0,0
2001011401,JOHN-RAND-1990-1967-12-12,NYG,MIN,DL,null,1,null,0,0,0,0,0,0,0,0,0,0,0,0,0,0,0,0,0,0,0,0,0,0,0,0,0,0,0,0,0,0,0,0,0,0,0,0,0
2001011401,KAIL-WONG-1998-1976-05-23,NYG,MIN,LB,null,1,null,0,0,0,0,0,0,0,0,0,0,0,0,0,0,0,0,0,0,0,0,0,0,0,0,0,0,0,0,0,0,0,0,0,0,0,0,0
2001011401,KEIT-HAMI-1992-1971-05-25,MIN,NYG,DL,null,1,null,0,0,0,0,0,0,0,0,0,0,0,0,0,0,0,0,0,0,0,0,0,0,0,0,0,0,0,0,0,0,0,0,0,0,0,0,0
2001011401,KERR-COLL-1995-1972-12-30,MIN,NYG,QB,null,1,null,39,28,381,2,5,0,0,0,0,0,0,0,0,0,0,0,0,0,0,0,0,0,0,0,0,0,0,0,0,0,0,0,0,0,0,0,0
2001011401,LEMA-HALL-1994-1970-11-24,NYG,MIN,OLB,null,1,null,0,0,0,0,0,0,0,0,0,0,0,0,0,0,0,0,0,0,0,0,0,0,0,0,0,0,0,0,0,0,0,0,0,0,0,0,0
2001011401,LYLE-WEST-1999-1976-12-20,MIN,NYG,DB,null,1,null,0,0,0,0,0,0,0,0,0,0,0,0,0,0,0,0,0,0,0,0,0,0,0,0,0,0,0,0,0,0,0,0,0,0,0,0,0
2001011401,MATT-HATC-1997-1974-05-01,NYG,MIN,WR,null,1,null,0,0,0,0,0,0,0,0,0,2,1,2,0,0,0,0,0,0,0,0,0,0,0,0,0,0,0,0,0,0,0,0,0,0,0,0,0
2001011401,MICH-STRA-1993-1971-11-21,MIN,NYG,DL,null,1,null,0,0,0,0,0,0,0,0,0,0,0,0,0,0,0,0,0,0,0,0,0,0,0,0,0,0,0,0,0,0,0,0,0,0,0,0,0
2001011401,MIN,NYG,MIN,DST,0,1,1,0,0,0,0,0,0,0,0,0,0,0,0,0,0,0,0,0,0,0,0,0,0,0,0,0,1,2,1,1,0,0,41,518,0,0,0,0
2001011401,MITC-BERG-1994-1972-06-24,NYG,MIN,K,null,1,null,0,0,0,0,0,0,0,0,0,0,0,0,0,0,0,0,0,0,0,0,0,0,0,0,0,0,0,0,0,0,0,0,0,0,0,0,0
2001011401,MITC-PALM-1998-1973-09-02,NYG,MIN,LB,null,1,null,0,0,0,0,0,0,0,0,0,0,0,0,0,0,0,0,0,0,0,0,0,0,0,0,0,0,0,0,0,0,0,0,0,0,0,0,0
2001011401,MOEX-WILL-1996-1974-07-26,NYG,MIN,RB,null,1,null,0,0,0,0,0,0,0,0,1,0,0,0,0,0,0,0,0,0,0,0,0,0,0,0,0,0,0,0,0,0,0,0,0,0,0,0,0
2001011401,NYG,MIN,NYG,DST,0,1,1,0,0,0,0,0,0,0,0,0,0,0,0,0,0,0,0,0,0,0,0,0,0,0,0,0,4,3,1,2,3,0,0,114,0,0,0,0
2001011401,OMAR-STOU-1997-1974-07-09,MIN,NYG,DB,null,1,null,0,0,0,0,0,0,0,0,0,0,0,0,0,0,0,0,0,0,0,0,0,0,0,0,0,0,0,0,0,0,0,0,0,0,0,0,0
2001011401,PETE-MITC-1995-1971-10-09,MIN,NYG,TE,null,1,null,0,0,0,0,0,0,0,0,0,1,0,0,0,0,0,0,0,0,0,0,0,0,0,0,0,0,0,0,0,0,0,0,0,0,0,0,0
2001011401,RAMO-MCDO-1998-1976-04-30,MIN,NYG,DB,null,1,null,0,0,0,0,0,0,0,0,0,0,0,0,0,0,0,0,0,0,0,0,0,0,0,0,0,0,0,0,0,0,0,0,0,0,0,0,0
2001011401,RAND-MOSS-1998-1977-02-13,NYG,MIN,WR,null,1,null,0,0,0,0,0,0,0,0,0,7,2,18,0,0,0,0,0,0,0,0,0,0,0,0,0,0,0,0,0,0,0,0,0,0,0,0,0
2001011401,ROBE-GRIF-1994-1970-11-30,NYG,MIN,DB,null,1,null,0,0,0,0,0,0,0,0,0,0,0,0,0,0,0,0,0,0,0,0,0,0,0,0,0,0,0,0,0,0,0,0,0,0,0,0,0
2001011401,ROBE-TATE-1997-1973-10-19,NYG,MIN,DB,null,1,null,0,0,0,0,0,0,0,0,0,0,0,0,0,0,0,0,0,0,0,0,0,0,0,0,0,0,0,0,0,0,0,0,0,0,0,0,0
2001011401,RONX-DAYN-2000-1978-03-14,MIN,NYG,RB,null,1,null,0,0,0,0,0,10,29,0,0,2,1,8,0,0,0,0,0,0,0,0,0,0,0,0,0,0,0,0,0,0,0,0,0,0,0,0,0
2001011401,RONX-DIXO-2000-1976-05-28,MIN,NYG,WR,null,1,null,0,0,0,0,0,0,0,0,0,4,2,62,0,0,0,0,0,0,0,0,0,0,0,0,0,0,0,0,0,0,0,0,0,0,0,0,0
2001011401,TIKI-BARB-1997-1975-04-07,MIN,NYG,RB,null,1,null,0,0,0,0,0,12,69,0,0,5,4,21,0,0,0,0,0,0,0,0,0,0,0,0,0,0,0,0,0,0,0,0,0,0,0,0,0
2001011401,TONY-WILL-1997-1975-07-09,NYG,MIN,DL,null,1,null,0,0,0,0,0,0,0,0,0,0,0,0,0,0,0,0,0,0,0,0,0,0,0,0,0,0,0,0,0,0,0,0,0,0,0,0,0
2001011401,TROY-WALT-2000-1976-12-15,NYG,MIN,WR,null,1,null,0,0,0,0,0,0,0,0,0,0,0,0,0,0,0,0,0,0,0,0,0,0,0,0,0,0,0,0,0,0,0,0,0,0,0,0,0
2001011401,TYRO-CART-2000-1976-03-31,NYG,MIN,DB,null,1,null,0,0,0,0,0,0,0,0,0,0,0,0,0,0,0,0,0,0,0,0,0,0,0,0,0,0,0,0,0,0,0,0,0,0,0,0,0
2001012800,AMAN-TOOM-1996-1974-09-08,BAL,NYG,WR,null,1,null,0,0,0,0,0,0,0,0,0,5,2,24,0,0,0,0,0,0,0,0,0,0,0,0,0,0,0,0,0,0,0,0,0,0,0,0,0
2001012800,BAL,NYG,BAL,DST,0,1,1,0,0,0,0,0,0,0,0,0,0,0,0,0,0,0,2,0,0,0,0,0,0,0,0,0,4,4,2,1,9,0,1,152,0,0,0,1
2001012800,BRAD-JACK-1998-1975-01-11,NYG,BAL,LB,null,1,null,0,0,0,0,0,0,0,0,0,0,0,0,0,0,0,0,0,0,0,0,0,0,0,0,0,0,0,0,0,0,0,0,0,0,0,0,0
2001012800,BRAD-MAYN-1997-1974-02-09,BAL,NYG,K,null,1,null,0,0,0,0,0,0,0,0,0,0,0,0,0,0,0,0,0,0,0,0,0,0,0,0,0,0,0,0,0,0,0,0,0,0,0,0,0
2001012800,BRAN-STOK-1999-1976-06-23,NYG,BAL,WR,null,1,null,0,0,0,0,0,0,0,0,0,6,3,52,1,0,0,0,0,0,0,0,0,0,0,0,0,0,0,0,0,0,0,0,0,0,0,0,0
2001012800,CHRI-MCAL-1999-1977-06-14,NYG,BAL,DB,null,1,null,0,0,0,0,0,0,0,0,0,0,0,0,0,0,0,0,0,0,0,0,0,0,0,0,0,0,0,0,0,0,0,0,0,0,0,0,0
2001012800,CHRI-PETE-1996-1972-10-05,BAL,NYG,DL,null,1,null,0,0,0,0,0,0,0,0,0,0,0,0,0,0,0,0,0,0,0,0,0,0,0,0,0,0,0,0,0,0,0,0,0,0,0,0,0
2001012800,CORN-GRIF-2000-1976-12-03,BAL,NYG,DL,null,1,null,0,0,0,0,0,0,0,0,0,0,0,0,0,0,0,0,0,0,0,0,0,0,0,0,0,0,0,0,0,0,0,0,0,0,0,0,0
2001012800,DAMO-WASH-2000-1977-02-20,BAL,NYG,RB,null,1,null,0,0,0,0,0,0,0,0,0,0,0,0,0,0,0,0,0,0,0,0,0,0,0,0,0,0,0,0,0,0,0,0,0,0,0,0,0
2001012800,DUAN-STAR-1998-1974-05-23,NYG,BAL,DB,null,1,null,0,0,0,0,0,0,0,0,0,0,0,0,0,0,0,0,0,0,0,0,0,0,0,0,0,0,0,0,0,0,0,0,0,0,0,0,0
2001012800,EMMA-MCDA-1996-1972-07-27,BAL,NYG,DB,null,1,null,0,0,0,0,0,0,0,0,0,0,0,0,0,0,0,0,0,0,0,0,0,0,0,0,0,0,0,0,0,0,0,0,0,0,0,0,0
2001012800,GREG-COME-1998-1975-07-29,BAL,NYG,RB,null,1,null,0,0,0,0,0,0,0,0,0,1,1,2,0,0,0,0,0,0,0,0,0,0,0,0,0,0,0,0,0,0,0,0,0,0,0,0,0
2001012800,IKEX-HILL-1997-1976-04-05,BAL,NYG,WR,null,1,null,0,0,0,0,0,0,0,0,0,11,3,30,0,0,0,0,0,0,0,0,0,0,0,0,0,0,0,0,0,0,0,0,0,0,0,0,0
2001012800,JAMA-LEWI-2000-1979-08-26,NYG,BAL,RB,null,1,null,0,0,0,0,0,27,102,1,0,2,1,4,0,0,0,0,0,0,0,0,0,0,0,0,0,0,0,0,0,0,0,0,0,0,0,0,0
2001012800,JAME-TRAP-1993-1969-12-28,NYG,BAL,DB,null,1,null,0,0,0,0,0,0,0,0,0,0,0,0,0,0,0,0,0,0,0,0,0,0,0,0,0,0,0,0,0,0,0,0,0,0,0,0,0
2001012800,JASO-SEHO-1994-1971-04-15,BAL,NYG,DB,null,1,null,0,0,0,0,0,0,0,0,0,0,0,0,0,0,0,0,0,0,0,0,0,0,0,0,0,0,0,0,0,0,0,0,0,0,0,0,0
2001012800,JERM-LEWI-1996-1974-10-16,NYG,BAL,WR,null,1,null,0,0,0,0,0,1,1,0,0,1,1,6,0,0,0,1,0,0,0,0,0,0,0,0,0,0,0,0,0,0,0,0,0,0,0,0,0
2001012800,JESS-ARMS-1993-1970-10-26,BAL,NYG,LB,null,1,null,0,0,0,0,0,0,0,0,0,0,0,0,0,0,0,0,0,0,0,0,0,0,0,0,0,0,0,0,0,0,0,0,0,0,0,0,0
2001012800,JOEX-JURE-1998-1974-12-23,BAL,NYG,WR,null,1,null,0,0,0,0,0,0,0,0,0,4,0,0,0,0,0,0,0,0,0,0,0,0,0,0,0,0,0,0,0,0,0,0,0,0,0,0,0
2001012800,JOEX-MONT-1999-1976-06-08,BAL,NYG,RB,null,1,null,0,0,0,0,0,2,5,0,0,0,0,0,0,0,0,0,0,0,0,0,0,0,0,0,0,0,0,0,0,0,0,0,0,0,0,0,0
2001012800,KEIT-HAMI-1992-1971-05-25,BAL,NYG,DL,null,1,null,0,0,0,0,0,0,0,0,0,0,0,0,0,0,0,0,0,0,0,0,0,0,0,0,0,0,0,0,0,0,0,0,0,0,0,0,0
2001012800,KEIT-WASH-1996-1972-12-18,NYG,BAL,DL,null,1,null,0,0,0,0,0,0,0,0,0,0,0,0,0,0,0,0,0,0,0,0,0,0,0,0,0,0,0,0,0,0,0,0,0,0,0,0,0
2001012800,KERR-COLL-1995-1972-12-30,BAL,NYG,QB,null,1,null,39,15,112,4,0,3,12,0,0,0,0,0,0,0,0,0,0,0,0,0,0,0,0,0,0,0,0,0,0,0,0,0,0,0,0,0,0
2001012800,KIMX-HERR-1997-1975-09-10,NYG,BAL,DB,null,1,null,0,0,0,0,0,0,0,0,0,0,0,0,0,0,0,0,0,0,0,0,0,0,0,0,0,0,0,0,0,0,0,0,0,0,0,0,0
2001012800,LARR-WEBS-1992-1969-01-18,NYG,BAL,DL,null,1,null,0,0,0,0,0,0,0,0,0,0,0,0,0,0,0,0,0,0,0,0,0,0,0,0,0,0,0,0,0,0,0,0,0,0,0,0,0
2001012800,LION-DALT-1998-1975-02-21,NYG,BAL,DL,null,1,null,0,0,0,0,0,0,0,0,0,0,0,0,0,0,0,0,0,0,0,0,0,0,0,0,0,0,0,0,0,0,0,0,0,0,0,0,0
2001012800,LOMA-BROW-1985-1963-03-30,BAL,NYG,OL,null,1,null,0,0,0,0,0,0,0,0,0,0,0,0,0,0,0,0,0,0,0,0,0,0,0,0,0,0,0,0,0,0,0,0,0,0,0,0,0
2001012800,MATT-STOV-1990-1968-01-27,NYG,BAL,K,null,1,null,0,0,0,0,0,0,0,0,0,0,0,0,0,0,0,0,0,2,81,0,0,1,1,0,4,0,0,0,0,0,0,0,0,0,0,0,0
2001012800,MICH-MCCR-1993-1970-07-07,NYG,BAL,DL,null,1,null,0,0,0,0,0,0,0,0,0,0,0,0,0,0,0,0,0,0,0,0,0,0,0,0,0,0,0,0,0,0,0,0,0,0,0,0,0
2001012800,MICH-STRA-1993-1971-11-21,BAL,NYG,DL,null,1,null,0,0,0,0,0,0,0,0,0,0,0,0,0,0,0,0,0,0,0,0,0,0,0,0,0,0,0,0,0,0,0,0,0,0,0,0,0
2001012800,NYG,BAL,NYG,DST,0,1,1,0,0,0,0,0,0,0,0,0,0,0,0,0,0,0,2,0,0,0,0,0,0,0,0,0,3,0,0,1,6,0,22,244,0,0,0,0
2001012800,OJXX-BRIG-1996-1969-09-29,NYG,BAL,LB,null,1,null,0,0,0,0,0,0,0,0,0,0,0,0,0,0,0,0,0,0,0,0,0,0,0,0,0,0,0,0,0,0,0,0,0,0,0,0,0
2001012800,PATX-JOHN-1998-1976-08-10,NYG,BAL,WR,null,1,null,0,0,0,0,0,0,0,0,0,5,1,8,0,0,0,0,0,0,0,0,0,0,0,0,0,0,0,0,0,0,0,0,0,0,0,0,0
2001012800,PETE-MITC-1995-1971-10-09,BAL,NYG,TE,null,1,null,0,0,0,0,0,0,0,0,0,4,1,7,0,0,0,0,0,0,0,0,0,0,0,0,0,0,0,0,0,0,0,0,0,0,0,0,0
2001012800,PRIE-HOLM-1997-1973-10-07,NYG,BAL,RB,null,1,null,0,0,0,0,0,4,8,0,0,1,1,4,0,0,0,0,0,0,0,0,0,0,0,0,0,0,0,0,0,0,0,0,0,0,0,0,0
2001012800,QADR-ISMA-1993-1970-11-08,NYG,BAL,WR,null,1,null,0,0,0,0,0,0,0,0,0,3,1,44,0,0,0,0,0,0,0,0,0,0,0,0,0,0,0,0,0,0,0,0,0,0,0,0,0
2001012800,RAMO-MCDO-1998-1976-04-30,BAL,NYG,DB,null,1,null,0,0,0,0,0,0,0,0,0,0,0,0,0,0,0,0,0,0,0,0,0,0,0,0,0,0,0,0,0,0,0,0,0,0,0,0,0
2001012800,RAYX-LEWI-1996-1975-05-15,NYG,BAL,LB,null,1,null,0,0,0,0,0,0,0,0,0,0,0,0,0,0,0,0,0,0,0,0,0,0,0,0,0,0,0,0,0,0,0,0,0,0,0,0,0
2001012800,RICH-PHIL-1997-1974-02-07,BAL,NYG,LB,null,1,null,0,0,0,0,0,0,0,0,0,0,0,0,0,0,0,0,0,0,0,0,0,0,0,0,0,0,0,0,0,0,0,0,0,0,0,0,0
2001012800,ROBX-BURN-1990-1967-08-27,NYG,BAL,DL,null,1,null,0,0,0,0,0,0,0,0,0,0,0,0,0,0,0,0,0,0,0,0,0,0,0,0,0,0,0,0,0,0,0,0,0,0,0,0,0
2001012800,RODE-WOOD-1987-1965-03-10,NYG,BAL,DB,null,1,null,0,0,0,0,0,0,0,0,0,0,0,0,0,0,0,0,0,0,0,0,0,0,0,0,0,0,0,0,0,0,0,0,0,0,0,0,0
2001012800,RONX-DIXO-2000-1976-05-28,BAL,NYG,WR,null,1,null,0,0,0,0,0,0,0,0,1,3,1,16,0,0,0,1,0,0,0,0,0,0,0,0,0,0,0,0,0,0,0,0,0,0,0,0,0
2001012800,SAMX-ADAM-1994-1973-06-13,NYG,BAL,DL,null,1,null,0,0,0,0,0,0,0,0,0,0,0,0,0,0,0,0,0,0,0,0,0,0,0,0,0,0,0,0,0,0,0,0,0,0,0,0,0
2001012800,SHAN-SHAR-1990-1968-06-26,NYG,BAL,TE,null,1,null,0,0,0,0,0,0,0,0,0,5,1,5,0,0,0,0,0,0,0,0,0,0,0,0,0,0,0,0,0,0,0,0,0,0,0,0,0
2001012800,TIKI-BARB-1997-1975-04-07,BAL,NYG,RB,null,1,null,0,0,0,0,0,11,49,0,0,10,6,26,0,0,0,0,0,0,0,0,0,0,0,0,0,0,0,0,0,0,0,0,0,0,0,0,0
2001012800,TONY-BANK-1996-1973-04-05,NYG,BAL,QB,null,1,null,1,0,0,0,0,0,0,0,0,0,0,0,0,0,0,0,0,0,0,0,0,0,0,0,0,0,0,0,0,0,0,0,0,0,0,0,0
2001012800,TREN-DILF-1994-1972-03-13,NYG,BAL,QB,null,1,null,25,12,153,0,1,1,0,0,0,0,0,0,0,0,0,0,0,0,0,0,0,0,0,0,0,0,0,0,0,0,0,0,0,0,0,0,0
